{"cameraMode":{"drawMode":0,"name":"Shaded","section":"Shading Mode"},"sceneLighting":true,"audioPlay":false,"sceneViewState":{"m_AlwaysRefresh":false,"showFog":true,"showSkybox":true,"showFlares":true,"showImageEffects":true,"showParticleSystems":true,"showVisualEffectGraphs":true,"m_FxEnabled":true},"in2DMode":false,"pivot":{"x":256.2605895996094,"y":3.343067169189453,"z":259.13079833984377},"rotation":{"x":0.04498254135251045,"y":0.01109069213271141,"z":-0.0004984071129001677,"w":0.9989364743232727},"size":15.317678451538086,"orthographic":false}